<?xml version="1.0" encoding="UTF-8"?>
<project-private xmlns="http://www.netbeans.org/ns/project-private/1">
    <open-files xmlns="http://www.netbeans.org/ns/projectui-open-files/2">
        <group>
            <file>file:/C:/Users/meram/OneDrive/Documentos/NetBeansProjects/QuestoesJob/src/questoesjob/Quest4.java</file>
            <file>file:/C:/Users/meram/OneDrive/Documentos/NetBeansProjects/QuestoesJob/src/questoesjob/Quest5.java</file>
            <file>file:/C:/Users/meram/OneDrive/Documentos/NetBeansProjects/QuestoesJob/src/questoesjob/Quest2.java</file>
            <file>file:/C:/Users/meram/OneDrive/Documentos/NetBeansProjects/QuestoesJob/src/questoesjob/Quest3.java</file>
        </group>
    </open-files>
</project-private>
